{"packages/cupertino_icons/assets/CupertinoIcons.ttf":["packages/cupertino_icons/assets/CupertinoIcons.ttf"],"assets/archery_range.jpeg":["assets/archery_range.jpeg"],"assets/barracks.jpeg":["assets/barracks.jpeg"],"assets/berries.jpg":["assets/berries.jpg"],"assets/blacksmith.jpeg":["assets/blacksmith.jpeg"],"assets/boar_lured.jpg":["assets/boar_lured.jpg"],"assets/boar_lured.jpg~":["assets/boar_lured.jpg~"],"assets/build.png":["assets/build.png"],"assets/castle.jpeg":["assets/castle.jpeg"],"assets/castleage.png":["assets/castleage.png"],"assets/dock.jpeg":["assets/dock.jpeg"],"assets/events.png":["assets/events.png"],"assets/farm.jpeg":["assets/farm.jpeg"],"assets/feudalage.png":["assets/feudalage.png"],"assets/gold.png":["assets/gold.png"],"assets/house.png":["assets/house.png"],"assets/idle.png":["assets/idle.png"],"assets/imperialage.png":["assets/imperialage.png"],"assets/loom.jpg":["assets/loom.jpg"],"assets/lumbercamp.jpeg":["assets/lumbercamp.jpeg"],"assets/lure_boar.jpg":["assets/lure_boar.jpg"],"assets/lure_boar2.jpg":["assets/lure_boar2.jpg"],"assets/market.jpeg":["assets/market.jpeg"],"assets/mill.png":["assets/mill.png"],"assets/miningcamp.jpeg":["assets/miningcamp.jpeg"],"assets/monastery.jpeg":["assets/monastery.jpeg"],"assets/siege_workshop.jpeg":["assets/siege_workshop.jpeg"],"assets/stable.jpeg":["assets/stable.jpeg"],"assets/stone.png":["assets/stone.png"],"assets/tcfood.png":["assets/tcfood.png"],"assets/towncenter.jpeg":["assets/towncenter.jpeg"],"assets/towncenter.jpg":["assets/towncenter.jpg"],"assets/university.jpeg":["assets/university.jpeg"],"assets/villager_female.jpeg":["assets/villager_female.jpeg"],"assets/villager_male.jpeg":["assets/villager_male.jpeg"],"assets/wonder.jpeg":["assets/wonder.jpeg"],"assets/wood.png":["assets/wood.png"]}